ref,gen3,gen4
['open through proxy; bytes sent; bytes received; close;'],The content shows that the proxy server at proxy.cse.cuhk.edu.hk is open and accessible through port 5070 using HTTPS.,"The proxy.cse.cuhk.edu.hk : 5070 is repeatedly opening and closing, sending and receiving various amounts of data."
['open through proxy; bytes sent; bytes received; close; Could not connect through proxy; Proxy closed the connection;'],"Various connections were tested through the proxy server proxy.cse.cuhk.edu.hk, with some successfully opening and closing, while others encountered errors.","The content describes various connections to Tencent and QQweb via a proxy at CUHK, with some connections failing unexpectedly."
['open through proxy; bytes sent; bytes received; close;'],"The given content shows information about the status, data sent and received, and lifetime of connections to proxy.cse.cuhk.edu.hk.","The proxy.cse.cuhk.edu.hk: 5070 server alternates between open and close states, sending and receiving varying amounts of data."
['open through proxy; bytes sent; bytes received; close;'],"The given content shows data about the proxy server at proxy.cse.cuhk.edu.hk, including the amount of data sent and received, the lifetime of the connections, and whether the server is open or closed.","The content provides data on bytes sent and received, and the lifetime of various connections on proxy.cse.cuhk.edu.hk: 5070."
['open through proxy; bytes sent; bytes received; close;'],"The given content shows data about bytes sent and received, lifetime, and proxy connections.","The proxy.cse.cuhk.edu.hk: 5070 has been closed and opened multiple times, with varying amounts of data sent and received."
['open through proxy; bytes sent; bytes received; close;'],The proxy server at proxy.cse.cuhk.edu.hk on port 5070 is open and can be accessed through HTTPS.,"The proxy.cse.cuhk.edu.hk: 5070 server was repeatedly opened and closed, with varying amounts of data sent and received each time."
['open through proxy; bytes sent; bytes received; close;'],The proxy server at proxy.cse.cuhk.edu.hk is open on port 5070 and supports HTTPS.,"The proxy.cse.cuhk.edu.hk : 5070 is repeatedly opening and closing, with varying amounts of data being sent and received."
['open through proxy; bytes sent; bytes received; close;'],"The given content shows various connections to proxy.cse.cuhk.edu.hk:5070, with data sent and received, and the connection lifetime.","The proxy.cse.cuhk.edu.hk: 5070 repeatedly opens and closes, sending and receiving various amounts of data each time."
['open through proxy; bytes sent; bytes received; close;'],"The given content shows the status of a proxy server, including whether it is open or closed, the amount of data sent and received, and the lifetime of the connection.","The proxy.cse.cuhk.edu.hk: 5070 server repeatedly opens and closes, sending and receiving varying amounts of data each time."
['open through proxy; bytes sent; bytes received; close;'],"The given content shows data related to a proxy server, including the number of bytes sent and received, the lifetime of the connection, and whether the proxy is open or closed.","The proxy.cse.cuhk.edu.hk: 5070 sent and received various amounts of bytes, with most lifetimes being less than 1 second."
['open through proxy; bytes sent; bytes received; close;'],"The given content shows data about a proxy server, including the number of bytes sent and received, the lifetime of the connection, and whether the proxy is open or closed.","The proxy.cse.cuhk.edu.hk:5070 server sent and received various amounts of data, and was opened and closed multiple times."
